{
 "name": "Dr. Leo's Lab"
 "cost": 50
 "gold": 100
 "production": 10
 "replaces": "University"
 "uniqueTo": "Storia"
},
{
 "name": "Yummy Factory"
 "cost": 10
 "gold": 300
 "food": 30
 "replaces": "Farm"
 "uniqueTo": "Storia"
},
{
 "name": "Project Leopod"
 "cost": 300
 "cityHealth": 60
 "replaces": "Apollo Program"
 "quote": "Leopod, come to me! - Dr. Leo"
 "uniqueTo": "Storia"
},
{
 "name": "Super Zach's Superhero Base
 "cost": 300
 "isNationalWonder": true
 "happiness": 50
 "science": 80
 "uniqueTo": "Storia"
},