[
 {"name": "Storia"
 "leadername": "Dr.Leo"
 "adjective": ["Storiaheroes"]
 "startBias": ["Plains"]
  "preferredVictoryType": "Scientific"

"startIntroPart1": "Hello, parasites! I am Dr.Leo, I went down from the airship there to prove how well you will develop a Storia."
"startIntroPart2": "See you won't regret!"
"declaringWar": "What? I will destroy you, bastard!"
"attacked": "There you are, parasites!"
"defeated": "No! Not that, you can't stop me!"
"introduction": "Hello!  Have a nice day, citizen of Storia."
"neutralHello": "Hello, my Storia friend!"
"hateHello": "Get out of here, friend!  You are a natural parasite!"
"tradeRequest": "Please agree to my exchange. I will be very pleased!"

"outerColor": [255, 92, 82]
"innerColor": [66, 176, 255]
"uniqueName": "The Heart of the Storia"
"uniqueText": "If Doctor Leo stops his atrocities, then Storia Town will be saved - Super Zach"
"uniques": [+60]% Culture cost of adopting new Policies"]
"cities": ["Storia", "Dr. Leo's Street"]
"spyNames": ["Super Zach", "Ron", "Wiki"]
},
  {"name": "Bread-o-town"
   "leadername": "Choco"
   "adjective": "Breadheroes"
   "startBias": ["Plains"]
"startIntroPart1": "The Spirit of the Bread Barbershop is calling! Oh, my Bread, could you help me reach my goal? 
"startIntroPart2": I must accept your request or it's over.
"declaringWar": "Hey, how dare you come closer! You will pay for it later!"
"attacked": "I'll show you how!"
"defeated": "Have you seriously destroyed Bread? I'll take revenge on you later!"
"introduction": "What do you want from Bread?"
"neutralHello": "You are very good, hello to you!"
"hateHello": "I'll get you, idiot!"
"tradeRequest": "Please make me an exchange, at least?"

"innerColor": [80, 0, 153]
"outerColor": [122, 74, 165]
"cities": ["Bread-o-town", "Choco-mania", "Dragon Hive"]
"spyNames": ["Wilk", "Bread"]