[
   {
    "name": "Clean the Swamp"
    "description": "Near my city, there is a swamp. Could you drain it, not Storia itself?"
    "influece": 70
    },
    {
     "name": "Unikitty, no way!"
     "description": "The Cartoon Network empire is attacking, by the way, could you use my contrivance to destroy them?"
     },
     {
      "name": "Looking for a hero"
      "description": "Our Storia Town needs a hero. Could you create a Great Superhero to protect a Storia?"
      "influece": 40
      },
      {
      "name": "The Path of the Choco"
      "description": "Bread built us a statue, you can now create the Great Cupcake?"
      },
      {
      "name": "Fishing Time"
      "description": "The Storia Town needs fish, can you build fishing boats for us?"
       "influece": 50
       },
      {
      "name": "Where does miracle salt come from?"
      "description": "Mother Bear told me that we need to find a miracle salt, could you build a mine in Storia Town for Salt?"
      },
      {
      "name": "Stop the Leopod"
      "description": "Please stop the barbarians! They are coming to Storia Town, please stop them with the help of Leopod."
         "influece": 40
         {
         "name": "For glory, Choco!"
         "description": "So, I need your help! Could you build my statue in Bread-o-town?"
              "influece": 70