[
     {
        "name": "Storia Warrior"
        "cost": 20
        "strength": 100
        "range": 120
        "movement": 10
        "replaces": "Warrior"
        "uniqueTo": "Storia"
        "attackSound": "hit"
        },
     {
       "name": "Leopod"
       "cost": 300
       "strength": 500
       "range": 530
       "movement": 80
       "replaces": "Giant Robot Death"
       "requiredTech": "Ancient Technology"
       "uniqueTo": "Storia"
       "attackSound": "grdattack"
        },
      {
       "name": "Wobbledog Rider"
       "cost": 20
       "strength": 60
       "range": 800
       "movement": 50
       "replaces": "Horseman"
       "attackSound": "horse"
       "uniqueTo": "Bread-o-town"
        },
       {
        "name": "Cupcake Warrior"
        "cost": 50
        "strength": 30
        "movement": 80
        "replaces": "Warrior"
        "attackSound": "metalhit"
        "uniqueTo": "Bread-o-town"